<filetype binary="false" description="Hack" name="Hack">
  <highlighting>
    <options>
      <option name="LINE_COMMENT" value="//" />
      <option name="COMMENT_START" value="/*" />
      <option name="COMMENT_END" value="*/" />
      <option name="HEX_PREFIX" value="" />
      <option name="NUM_POSTFIXES" value="" />
      <option name="HAS_BRACES" value="true" />
      <option name="HAS_BRACKETS" value="true" />
      <option name="HAS_PARENS" value="true" />
      <option name="HAS_STRING_ESCAPES" value="true" />
    </options>
    <keywords keywords="class;const;extends;function;namespace;new;return;static;use" ignore_case="false" />
    <keywords2 keywords="__DIR__;break;false;true" />
    <keywords3 keywords="parent::;private;protected;public" />
    <keywords4 keywords="DateTime;count;echo;intdiv;print;require_once;var_dump" />
  </highlighting>
  <extensionMap>
    <mapping ext="hack" />
  </extensionMap>
</filetype>